{
  "questions": [
    {
      "id": "tw-1",
      "text": "What's a tool you started using recently that's changed how you work?",
      "category": "tools-workflows",
      "followUp": "What problem does it solve for you?"
    },
    {
      "id": "tw-2",
      "text": "What's the most underrated feature in a tool your team uses daily?",
      "category": "tools-workflows"
    },
    {
      "id": "tw-3",
      "text": "How do you organize your tasks and priorities each week?",
      "category": "tools-workflows"
    },
    {
      "id": "tw-4",
      "text": "What's a browser extension you can't live without?",
      "category": "tools-workflows"
    },
    {
      "id": "tw-5",
      "text": "What tool did you stop using recently and why?",
      "category": "tools-workflows"
    },
    {
      "id": "tw-6",
      "text": "How do you manage your notifications to stay focused?",
      "category": "tools-workflows"
    },
    {
      "id": "tw-7",
      "text": "What's your setup for deep work sessions?",
      "category": "tools-workflows"
    },
    {
      "id": "tw-8",
      "text": "What's the best keyboard shortcut you've learned this year?",
      "category": "tools-workflows"
    },
    {
      "id": "tw-9",
      "text": "How do you use AI tools in your daily workflow?",
      "category": "tools-workflows"
    },
    {
      "id": "tw-10",
      "text": "What's a tool you've built for yourself to solve a specific problem?",
      "category": "tools-workflows"
    },
    {
      "id": "tw-11",
      "text": "How do you capture and organize ideas throughout the day?",
      "category": "tools-workflows"
    },
    {
      "id": "tw-12",
      "text": "What's your note-taking system and why does it work for you?",
      "category": "tools-workflows"
    },
    {
      "id": "sb-1",
      "text": "What's something you shipped recently that you're proud of?",
      "category": "shipping-building",
      "followUp": "What made it challenging?"
    },
    {
      "id": "sb-2",
      "text": "What's the smallest change you made that had the biggest impact?",
      "category": "shipping-building"
    },
    {
      "id": "sb-3",
      "text": "Tell me about a feature you almost didn't ship but glad you did.",
      "category": "shipping-building"
    },
    {
      "id": "sb-4",
      "text": "What's something you built that failed and what did you learn?",
      "category": "shipping-building"
    },
    {
      "id": "sb-5",
      "text": "How do you decide when something is ready to ship?",
      "category": "shipping-building"
    },
    {
      "id": "sb-6",
      "text": "What's your process for going from idea to first prototype?",
      "category": "shipping-building"
    },
    {
      "id": "sb-7",
      "text": "What's a project that's been on your mind but you haven't started yet?",
      "category": "shipping-building"
    },
    {
      "id": "sb-8",
      "text": "How do you handle scope creep on projects?",
      "category": "shipping-building"
    },
    {
      "id": "sb-9",
      "text": "What's the most useful feedback you've received on something you built?",
      "category": "shipping-building"
    },
    {
      "id": "sb-10",
      "text": "Tell me about a time you had to throw away work and start over.",
      "category": "shipping-building"
    },
    {
      "id": "sb-11",
      "text": "What do you wish you knew before starting your current project?",
      "category": "shipping-building"
    },
    {
      "id": "sb-12",
      "text": "How do you stay motivated during the boring parts of building?",
      "category": "shipping-building"
    },
    {
      "id": "sb-13",
      "text": "What's your approach to getting unstuck when you hit a wall?",
      "category": "shipping-building"
    },
    {
      "id": "sb-14",
      "text": "What's a technical decision you made that paid off long-term?",
      "category": "shipping-building"
    },
    {
      "id": "sb-15",
      "text": "How do you balance building new features vs fixing existing issues?",
      "category": "shipping-building"
    },
    {
      "id": "to-1",
      "text": "What's an unpopular opinion you have about the tech industry?",
      "category": "takes-opinions"
    },
    {
      "id": "to-2",
      "text": "What's overhyped right now that people will forget about in 2 years?",
      "category": "takes-opinions"
    },
    {
      "id": "to-3",
      "text": "What's something most people get wrong about your field?",
      "category": "takes-opinions"
    },
    {
      "id": "to-4",
      "text": "What trend are you betting on that others aren't paying attention to?",
      "category": "takes-opinions"
    },
    {
      "id": "to-5",
      "text": "What's a hill you'll die on professionally?",
      "category": "takes-opinions"
    },
    {
      "id": "to-6",
      "text": "What advice do you disagree with that everyone else seems to follow?",
      "category": "takes-opinions"
    },
    {
      "id": "to-7",
      "text": "What's something you changed your mind about recently?",
      "category": "takes-opinions"
    },
    {
      "id": "to-8",
      "text": "What do you think the next big shift in your industry will be?",
      "category": "takes-opinions"
    },
    {
      "id": "to-9",
      "text": "What's a common practice that you think is actually counterproductive?",
      "category": "takes-opinions"
    },
    {
      "id": "to-10",
      "text": "What's the best career advice you've ignored?",
      "category": "takes-opinions"
    },
    {
      "id": "to-11",
      "text": "What do you believe that most of your peers would disagree with?",
      "category": "takes-opinions"
    },
    {
      "id": "to-12",
      "text": "What's something that used to be important but isn't anymore?",
      "category": "takes-opinions"
    },
    {
      "id": "th-1",
      "text": "What's a productivity hack that actually works for you?",
      "category": "tips-hacks"
    },
    {
      "id": "th-2",
      "text": "What's a non-obvious tip for staying energized throughout the day?",
      "category": "tips-hacks"
    },
    {
      "id": "th-3",
      "text": "What's something you automate that most people do manually?",
      "category": "tips-hacks"
    },
    {
      "id": "th-4",
      "text": "What's your trick for learning something new quickly?",
      "category": "tips-hacks"
    },
    {
      "id": "th-5",
      "text": "What's the best way you've found to give or receive feedback?",
      "category": "tips-hacks"
    },
    {
      "id": "th-6",
      "text": "What's a small habit that's had an outsized impact on your work?",
      "category": "tips-hacks"
    },
    {
      "id": "th-7",
      "text": "How do you prepare for important meetings or presentations?",
      "category": "tips-hacks"
    },
    {
      "id": "th-8",
      "text": "What's your strategy for handling email and messages efficiently?",
      "category": "tips-hacks"
    },
    {
      "id": "th-9",
      "text": "What's a debugging or problem-solving technique that always helps?",
      "category": "tips-hacks"
    },
    {
      "id": "th-10",
      "text": "What's the best way you've found to say no to things?",
      "category": "tips-hacks"
    },
    {
      "id": "th-11",
      "text": "What's a tip for maintaining work-life balance that actually works?",
      "category": "tips-hacks"
    }
  ]
}
